experiment,mitigation,trials,duration_s,collision_threshold_m,safe_separation_m,cruise_speed_knots,collision_free_rate,collision_free_ci_low,collision_free_ci_high,mean_min_separation_m,p05_min_separation_m,p10_min_separation_m,p90_min_separation_m,mean_gossip_delivery_rate,mean_peer_age_s,operator_to_drone_freq_khz,drone_to_drone_freq_khz
collision_only_patrol,No mitigation,60,21600.0,8.0,12.0,3.0,0.9333333333333333,0.8407442010623228,0.973771725856802,9.073687099517526,7.77327474414743,8.199308034096497,9.755939878263575,0.9900094907407406,0.020193364197530202,28.0,50.0
collision_only_patrol,Frequency hopping + redundancy,60,21600.0,8.0,12.0,3.0,0.8833333333333333,0.7782097940014187,0.9423235259654995,9.01539232028936,6.9265337753119995,7.902242870705755,9.796860950429064,0.9899542438271606,0.02029305555555488,28.0,50.0
