experiment,mitigation,trials,duration_s,collision_threshold_m,safe_separation_m,cruise_speed_knots,collision_free_rate,collision_free_ci_low,collision_free_ci_high,mean_min_separation_m,p05_min_separation_m,p10_min_separation_m,p90_min_separation_m,mean_gossip_delivery_rate,mean_peer_age_s,operator_to_drone_freq_khz,drone_to_drone_freq_khz
collision_only_patrol,No mitigation,200,21600.0,8.0,12.0,3.0,0.915,0.8681031145576462,0.9462547005301477,9.12789467420528,7.2495357974249375,8.159505481062746,9.883281412053211,0.9899863657407407,0.02023490740740674,28.0,50.0
collision_only_patrol,Frequency hopping + redundancy,200,21600.0,8.0,12.0,3.0,0.89,0.8390720169908702,0.9262280983928396,9.078823076436947,7.068309354156023,7.9229859003123195,9.82048645773946,0.989972337962963,0.02025449074074007,28.0,50.0
